{
  "rnn": {
    "RMSE": 33.982025146484375,
    "MAE": 23.69133949279785,
    "DirectionalAccuracy": 0.5112676056338028
  },
  "transformer": {
    "RMSE": 34.01980972290039,
    "MAE": 23.73015022277832,
    "DirectionalAccuracy": 0.5098591549295775
  },
  "hybrid": {
    "RMSE": 34.01503372192383,
    "MAE": 23.709701538085938,
    "DirectionalAccuracy": 0.5112676056338028
  }
}