{
  "rnn": {
    "RMSE": 33.98931121826172,
    "MAE": 23.698368072509766,
    "DirectionalAccuracy": 0.5112676056338028
  },
  "transformer": {
    "RMSE": 34.01172637939453,
    "MAE": 23.716524124145508,
    "DirectionalAccuracy": 0.5098591549295775
  },
  "hybrid": {
    "RMSE": 34.01521301269531,
    "MAE": 23.712785720825195,
    "DirectionalAccuracy": 0.5112676056338028
  }
}